run_id,page_title,page_url,length_bytes,links_count,created_ts,views_30d,vital_level
1,Manchester Evening Chronicle,https://en.wikipedia.org/wiki/Manchester_Evening_Chronicle,7057,168,2011-09-22T11:27:44Z,75,
1,Edward Hulton,https://en.wikipedia.org/wiki/Edward_Hulton,20235,69,2007-05-04T13:18:21Z,196,
1,British people,https://en.wikipedia.org/wiki/British_people,196058,1022,2002-04-21T11:36:49Z,18275,
1,British Overseas Territories,https://en.wikipedia.org/wiki/British_Overseas_Territories,114010,828,2003-04-07T22:14:56Z,53930,5
1,Dependent territory,https://en.wikipedia.org/wiki/Dependent_territory,60534,1019,2003-04-22T09:36:57Z,14773,5
1,Territory,https://en.wikipedia.org/wiki/Territory,8850,411,2006-08-14T10:44:51Z,4874,5
1,International relations,https://en.wikipedia.org/wiki/International_relations,81801,624,2002-09-09T01:15:57Z,14892,4
1,War,https://en.wikipedia.org/wiki/War,120658,1154,2001-10-15T17:26:44Z,32053,2
1,State (polity),https://en.wikipedia.org/wiki/State_(polity),117383,675,2001-10-30T12:31:02Z,28426,3
1,Politics,https://en.wikipedia.org/wiki/Politics,82511,976,2001-11-04T12:28:52Z,29942,2
1,Decision-making,https://en.wikipedia.org/wiki/Decision-making,76961,452,2003-07-12T11:51:43Z,17647,5
1,Psychology,https://en.wikipedia.org/wiki/Psychology,244371,921,2001-11-06T02:05:30Z,60743,2
1,Mind,https://en.wikipedia.org/wiki/Mind,183016,701,2001-06-25T12:33:15Z,31215,2
1,Thought,https://en.wikipedia.org/wiki/Thought,122922,282,2002-02-25T15:43:11Z,26719,3
1,Cognition,https://en.wikipedia.org/wiki/Cognition,98154,363,2002-10-17T17:24:07Z,32292,4
1,Knowledge,https://en.wikipedia.org/wiki/Knowledge,191627,612,2003-06-10T10:45:34Z,41007,2
1,Declarative knowledge,https://en.wikipedia.org/wiki/Declarative_knowledge,97644,239,2001-08-20T13:21:23Z,19369,
1,Awareness,https://en.wikipedia.org/wiki/Awareness,23185,308,2004-02-27T19:26:33Z,23622,
1,Philosophy,https://en.wikipedia.org/wiki/Philosophy,201176,697,2001-10-31T05:49:04Z,119994,1
2,%C3%89mile Cornic,https://en.wikipedia.org/wiki/%C3%89mile_Cornic,,0,,0,
2,Fencing,https://en.wikipedia.org/wiki/Fencing,41052,362,2001-09-12T14:54:13Z,24285,4
2,Combat sport,https://en.wikipedia.org/wiki/Combat_sport,24031,567,2005-03-25T09:08:49Z,9825,
2,Contact sport,https://en.wikipedia.org/wiki/Contact_sport,14160,149,2005-10-19T20:13:39Z,6339,
2,Sport,https://en.wikipedia.org/wiki/Sport,70220,344,2001-11-05T06:30:11Z,34081,2
2,Physical activity,https://en.wikipedia.org/wiki/Physical_activity,25459,112,2005-09-23T22:53:37Z,8021,5
2,Skeletal muscle,https://en.wikipedia.org/wiki/Skeletal_muscle,121964,457,2003-11-27T03:28:08Z,18893,3
2,Vertebrate,https://en.wikipedia.org/wiki/Vertebrate,49803,387,2002-02-25T15:43:11Z,44618,3
2,Animal,https://en.wikipedia.org/wiki/Animal,122009,1008,2001-03-29T04:52:19Z,134424,2
2,Multicellular organism,https://en.wikipedia.org/wiki/Multicellular_organism,44639,367,2003-08-19T02:25:14Z,8780,
2,Organism,https://en.wikipedia.org/wiki/Organism,24653,281,2001-11-02T15:39:27Z,28854,3
2,Life,https://en.wikipedia.org/wiki/Life,112423,1487,2001-11-02T16:18:09Z,44654,1
2,Matter,https://en.wikipedia.org/wiki/Matter,81551,575,2001-10-14T18:29:21Z,34523,3
2,Classical physics,https://en.wikipedia.org/wiki/Classical_physics,5589,245,2002-11-24T12:33:52Z,20153,5
2,Scientific theory,https://en.wikipedia.org/wiki/Scientific_theory,54827,322,2003-03-19T07:55:42Z,27776,4
2,Universe,https://en.wikipedia.org/wiki/Universe,156476,752,2001-10-01T19:21:41Z,71728,2
2,Space,https://en.wikipedia.org/wiki/Space,36267,360,2001-10-03T21:11:13Z,36022,3
2,Three-dimensional space,https://en.wikipedia.org/wiki/Three-dimensional_space,34674,326,2005-11-01T16:10:08Z,28642,3
2,Geometry,https://en.wikipedia.org/wiki/Geometry,103626,650,2006-10-02T03:47:30Z,38875,2
2,Mathematics,https://en.wikipedia.org/wiki/Mathematics,167315,745,2001-11-08T15:31:38Z,98370,1
2,Theory,https://en.wikipedia.org/wiki/Theory,39036,350,2001-09-26T13:03:33Z,13281,4
2,Rationalism,https://en.wikipedia.org/wiki/Rationalism,61918,1009,2002-07-23T15:35:37Z,30776,4
3,Niels Sigfred Nebelong,https://en.wikipedia.org/wiki/Niels_Sigfred_Nebelong,7199,68,2011-10-04T06:10:51Z,35,
3,Denmark,https://en.wikipedia.org/wiki/Denmark,234982,1457,2001-10-31T23:25:08Z,170126,4
3,Nordic countries,https://en.wikipedia.org/wiki/Nordic_countries,166688,717,2001-11-01T20:35:14Z,60134,5
3,Cultural area,https://en.wikipedia.org/wiki/Cultural_area,19740,417,2005-02-19T19:42:54Z,2635,
3,Anthropology,https://en.wikipedia.org/wiki/Anthropology,107698,1252,2001-11-02T11:20:05Z,37291,3
3,Human,https://en.wikipedia.org/wiki/Human,269538,1136,2001-10-03T18:14:31Z,189247,1
3,Species,https://en.wikipedia.org/wiki/Species,109254,727,2001-10-26T17:56:32Z,45990,3
4,Whale Island (Alaska),https://en.wikipedia.org/wiki/Whale_Island_(Alaska),921,30,2006-09-29T00:55:40Z,79,
4,Kodiak Archipelago,https://en.wikipedia.org/wiki/Kodiak_Archipelago,5776,49,2004-08-23T16:26:27Z,2333,
4,Archipelago,https://en.wikipedia.org/wiki/Archipelago,6648,180,2001-07-09T10:53:39Z,37706,4
4,Aegean Islands,https://en.wikipedia.org/wiki/Aegean_Islands,4855,227,2004-01-12T00:08:02Z,7294,5
4,Aegean Sea,https://en.wikipedia.org/wiki/Aegean_Sea,52299,1070,2001-05-02T07:27:05Z,34588,4
4,Mediterranean Sea,https://en.wikipedia.org/wiki/Mediterranean_Sea,169708,916,2001-11-12T17:26:31Z,83770,3
4,Sea,https://en.wikipedia.org/wiki/Sea,183664,1081,2001-03-25T01:03:08Z,21287,2
4,Body of water,https://en.wikipedia.org/wiki/Body_of_water,31545,361,2004-08-03T18:41:59Z,11157,4
4,Water,https://en.wikipedia.org/wiki/Water,176487,1212,2001-07-27T10:33:07Z,70418,2
4,Inorganic compound,https://en.wikipedia.org/wiki/Inorganic_compound,5065,45,2003-11-11T13:06:21Z,6918,4
4,Chemical compound,https://en.wikipedia.org/wiki/Chemical_compound,22965,264,2002-11-05T16:39:54Z,11764,3
4,Chemical substance,https://en.wikipedia.org/wiki/Chemical_substance,26730,323,2001-05-16T18:38:29Z,14072,4
5,Kami-Sugaya Station,https://en.wikipedia.org/wiki/Kami-Sugaya_Station,4039,62,2009-07-04T06:54:37Z,24,
5,Train station,https://en.wikipedia.org/wiki/Train_station,53914,553,2002-10-11T10:55:22Z,7614,4
5,Rail transport,https://en.wikipedia.org/wiki/Rail_transport,124369,833,2001-09-06T14:21:15Z,13437,4
5,Means of transport,https://en.wikipedia.org/wiki/Means_of_transport,1697,25,2006-05-26T15:51:52Z,672,
5,Transport,https://en.wikipedia.org/wiki/Transport,62598,1136,2001-11-08T18:15:03Z,11128,2
5,Motion,https://en.wikipedia.org/wiki/Motion,32101,310,2001-11-21T21:46:18Z,8211,3
5,Physics,https://en.wikipedia.org/wiki/Physics,84380,541,2001-10-29T16:12:25Z,56098,2
5,Science,https://en.wikipedia.org/wiki/Science,157889,856,2001-10-15T17:23:57Z,97441,1
5,Hypothesis,https://en.wikipedia.org/wiki/Hypothesis,21706,115,2002-02-25T15:43:11Z,11543,4
5,Explanation,https://en.wikipedia.org/wiki/Explanation,9406,80,2003-04-25T18:56:16Z,18090,
5,Proposition,https://en.wikipedia.org/wiki/Proposition,22083,338,2002-09-06T04:13:53Z,40347,5
5,Philosophy of language,https://en.wikipedia.org/wiki/Philosophy_of_language,70385,926,2001-06-04T01:56:33Z,44537,4
5,Philosophy,https://en.wikipedia.org/wiki/Philosophy,201176,697,2001-10-31T05:49:04Z,119994,1
6,Debtors%27 Prison Relief Act of 1792,https://en.wikipedia.org/wiki/Debtors%27_Prison_Relief_Act_of_1792,,0,,0,
6,United States Statutes at Large,https://en.wikipedia.org/wiki/United_States_Statutes_at_Large,9088,374,2005-06-02T01:17:11Z,3017,
6,Act of Congress,https://en.wikipedia.org/wiki/Act_of_Congress,8010,414,2002-08-22T11:56:01Z,4101,
6,Statute,https://en.wikipedia.org/wiki/Statute,6752,240,2002-02-25T15:43:11Z,6534,4
6,Legislature,https://en.wikipedia.org/wiki/Legislature,23165,652,2002-03-14T20:13:29Z,17081,4
6,Deliberative assembly,https://en.wikipedia.org/wiki/Deliberative_assembly,6303,88,2002-03-14T20:06:11Z,2673,
6,Collective,https://en.wikipedia.org/wiki/Collective,3989,570,2004-06-30T07:31:57Z,2917,
6,Cooperative,https://en.wikipedia.org/wiki/Cooperative,133695,1482,2002-09-22T13:48:35Z,17246,5
6,Autonomy,https://en.wikipedia.org/wiki/Autonomy,67535,197,2003-03-03T00:07:53Z,8617,
6,Developmental psychology,https://en.wikipedia.org/wiki/Developmental_psychology,141775,527,2001-12-24T03:53:23Z,8545,4
6,Science,https://en.wikipedia.org/wiki/Science,157889,856,2001-10-15T17:23:57Z,97441,1
7,Raffles House,https://en.wikipedia.org/wiki/Raffles_House,13743,32,2018-01-05T06:40:51Z,262,
7,Fort Canning Hill,https://en.wikipedia.org/wiki/Fort_Canning_Hill,36550,331,2005-08-09T09:47:04Z,2634,
7,Singapore,https://en.wikipedia.org/wiki/Singapore,335976,1374,2001-10-31T20:28:40Z,430085,3
7,Island country,https://en.wikipedia.org/wiki/Island_country,20876,136,2004-03-14T01:01:49Z,15901,
7,Country,https://en.wikipedia.org/wiki/Country,56194,260,2001-04-01T22:48:08Z,26884,2
7,Earth,https://en.wikipedia.org/wiki/Earth,223636,1172,2001-11-06T03:00:43Z,250639,1
7,Planet,https://en.wikipedia.org/wiki/Planet,203361,910,2001-08-28T00:26:44Z,40083,3
7,Hydrostatic equilibrium,https://en.wikipedia.org/wiki/Hydrostatic_equilibrium,27968,99,2002-05-09T17:56:47Z,9364,5
7,Fluid mechanics,https://en.wikipedia.org/wiki/Fluid_mechanics,21074,306,2005-09-15T20:45:44Z,10216,4
8,Axl Rotten,https://en.wikipedia.org/wiki/Axl_Rotten,39669,231,2005-05-11T10:33:54Z,5361,
8,Ring name,https://en.wikipedia.org/wiki/Ring_name,11081,378,2004-07-20T15:39:21Z,12404,
8,Stage name,https://en.wikipedia.org/wiki/Stage_name,33306,451,2002-05-25T13:35:43Z,9807,
8,Pseudonym,https://en.wikipedia.org/wiki/Pseudonym,56015,538,2002-02-25T15:43:11Z,30967,
8,Anonymity,https://en.wikipedia.org/wiki/Anonymity,50791,592,2003-02-10T14:49:37Z,5340,
8,Charity (Christian virtue),https://en.wikipedia.org/wiki/Charity_(Christian_virtue),10638,307,2003-06-14T10:11:25Z,2550,5
8,Christian theology,https://en.wikipedia.org/wiki/Christian_theology,217931,1361,2010-07-07T21:15:36Z,7652,5
8,Theology,https://en.wikipedia.org/wiki/Theology,63821,1483,2001-10-08T20:57:09Z,17185,4
8,Belief,https://en.wikipedia.org/wiki/Belief,105392,1905,2002-10-12T20:47:48Z,8818,3
8,Attitude (psychology),https://en.wikipedia.org/wiki/Attitude_(psychology),54967,86,2003-11-11T23:46:15Z,5928,
9,2020%E2%80%9321 Guadeloupe Division of Honor,https://en.wikipedia.org/wiki/2020%E2%80%9321_Guadeloupe_Division_of_Honor,,0,,0,
9,Guadeloupe Division of Honour,https://en.wikipedia.org/wiki/Guadeloupe_Division_of_Honour,15323,257,2006-10-28T23:26:30Z,197,
9,Association football,https://en.wikipedia.org/wiki/Association_football,146763,1196,2001-11-16T00:52:59Z,158253,3
9,Team sport,https://en.wikipedia.org/wiki/Team_sport,28571,882,2004-09-15T17:43:29Z,11466,
10,Room 8 (film),https://en.wikipedia.org/wiki/Room_8_(film),2400,7,2015-02-08T14:52:45Z,238,
10,Bombay Sapphire,https://en.wikipedia.org/wiki/Bombay_Sapphire,14194,91,2001-12-17T16:38:40Z,15044,
10,Gin,https://en.wikipedia.org/wiki/Gin,37670,451,2001-12-17T16:21:12Z,45657,4
10,Liquor,https://en.wikipedia.org/wiki/Liquor,39733,432,2004-12-23T21:55:49Z,18185,4
10,Alcoholic beverage,https://en.wikipedia.org/wiki/Alcoholic_beverage,77835,1254,2001-12-21T16:20:51Z,19919,3
10,Drink,https://en.wikipedia.org/wiki/Drink,57112,488,2001-11-03T17:52:18Z,8989,3
10,Liquid,https://en.wikipedia.org/wiki/Liquid,61718,401,2001-07-27T19:32:52Z,11697,4
10,State of matter,https://en.wikipedia.org/wiki/State_of_matter,36124,300,2002-02-25T15:51:15Z,25918,3
11,Caccobius vulcanus,https://en.wikipedia.org/wiki/Caccobius_vulcanus,3706,19,2021-07-18T17:26:50Z,10,
11,Dynastinae,https://en.wikipedia.org/wiki/Dynastinae,14745,228,2005-06-30T14:51:11Z,12078,
11,Subfamily,https://en.wikipedia.org/wiki/Subfamily,3398,50,2002-11-26T14:58:32Z,2024,
11,Taxonomy (biology),https://en.wikipedia.org/wiki/Taxonomy_(biology),70929,397,2001-08-10T02:00:11Z,64016,3
11,Biology,https://en.wikipedia.org/wiki/Biology,134763,953,2001-11-06T21:21:52Z,34847,2
11,Scientific study,https://en.wikipedia.org/wiki/Scientific_study,4362,14,2006-06-11T02:21:06Z,5409,
12,Bloom (software),https://en.wikipedia.org/wiki/Bloom_(software),4971,153,2008-11-02T02:30:19Z,201,
12,Generative music,https://en.wikipedia.org/wiki/Generative_music,6824,32,2004-03-22T11:30:40Z,967,
12,Brian Eno,https://en.wikipedia.org/wiki/Brian_Eno,144003,884,2001-09-24T23:01:24Z,78974,4
12,Suffolk,https://en.wikipedia.org/wiki/Suffolk,65754,497,2001-08-19T10:14:57Z,22931,5
12,Ceremonial counties of England,https://en.wikipedia.org/wiki/Ceremonial_counties_of_England,47339,430,2003-11-05T15:25:18Z,33146,
12,England,https://en.wikipedia.org/wiki/England,233310,1883,2001-10-17T10:00:34Z,229984,4
12,Countries of the United Kingdom,https://en.wikipedia.org/wiki/Countries_of_the_United_Kingdom,44603,597,2008-07-20T04:31:36Z,67477,
12,United Kingdom,https://en.wikipedia.org/wiki/United_Kingdom,379317,2015,2001-11-02T17:36:50Z,556472,3
12,Northwestern Europe,https://en.wikipedia.org/wiki/Northwestern_Europe,10995,284,2004-02-19T00:50:42Z,12403,
12,Subregion,https://en.wikipedia.org/wiki/Subregion,35686,852,2004-06-12T16:20:13Z,7923,
12,Region,https://en.wikipedia.org/wiki/Region,26112,823,2002-06-09T07:30:54Z,10432,5
12,Geography,https://en.wikipedia.org/wiki/Geography,91125,537,2001-11-04T02:26:07Z,22655,2
13,Enos Luther Brookes,https://en.wikipedia.org/wiki/Enos_Luther_Brookes,5056,10,2019-02-02T17:23:31Z,32,
13,Tuskegee University,https://en.wikipedia.org/wiki/Tuskegee_University,79763,965,2002-03-24T20:57:50Z,13909,5
13,Private university,https://en.wikipedia.org/wiki/Private_university,58570,318,2005-04-06T06:23:40Z,11015,
13,Tertiary education,https://en.wikipedia.org/wiki/Tertiary_education,67177,637,2002-02-25T15:51:15Z,11885,5
13,Educational stage,https://en.wikipedia.org/wiki/Educational_stage,82274,332,2005-12-06T00:28:51Z,6860,
13,Education,https://en.wikipedia.org/wiki/Education,227870,982,2001-11-07T14:43:15Z,40822,2
14,Honours Committee,https://en.wikipedia.org/wiki/Honours_Committee,19307,184,2015-04-12T06:42:14Z,298,
14,Cabinet Office,https://en.wikipedia.org/wiki/Cabinet_Office,23366,526,2003-08-21T13:33:32Z,4956,
14,Departments of the Government of the United Kingdom,https://en.wikipedia.org/wiki/Departments_of_the_Government_of_the_United_Kingdom,28269,690,2003-08-21T11:35:44Z,5364,
14,Government of the United Kingdom,https://en.wikipedia.org/wiki/Government_of_the_United_Kingdom,36081,1100,2009-10-24T19:54:47Z,26774,
14,Central government,https://en.wikipedia.org/wiki/Central_government,8515,490,2004-12-17T23:22:15Z,3461,
14,Unitary state,https://en.wikipedia.org/wiki/Unitary_state,12597,332,2003-04-26T01:05:25Z,23094,4
15,Mark Harper (cricketer),https://en.wikipedia.org/wiki/Mark_Harper_(cricketer),3565,18,2011-02-03T02:10:22Z,99,
15,Cricket,https://en.wikipedia.org/wiki/Cricket,119029,1074,2002-02-25T13:17:22Z,137363,4
15,Bat-and-ball games,https://en.wikipedia.org/wiki/Bat-and-ball_games,60908,465,2007-01-27T20:29:24Z,7274,
15,Pitch (sports field),https://en.wikipedia.org/wiki/Pitch_(sports_field),31377,299,2006-07-11T16:37:13Z,1305,
16,B.L. Stryker,https://en.wikipedia.org/wiki/B.L._Stryker,9826,59,2011-05-06T14:13:19Z,2071,
16,American Broadcasting Company,https://en.wikipedia.org/wiki/American_Broadcasting_Company,64152,1014,2002-01-17T04:14:24Z,59212,5
16,Commercial broadcasting,https://en.wikipedia.org/wiki/Commercial_broadcasting,67227,1303,2005-02-27T20:55:51Z,2942,
16,Broadcasting,https://en.wikipedia.org/wiki/Broadcasting,34311,694,2002-10-20T14:33:03Z,7220,3
16,Dissemination,https://en.wikipedia.org/wiki/Dissemination,6161,14,2008-09-18T12:20:38Z,933,
16,Communication,https://en.wikipedia.org/wiki/Communication,177155,571,2001-11-07T22:11:51Z,58380,2
16,Information,https://en.wikipedia.org/wiki/Information,50603,1010,2001-11-14T20:31:59Z,63377,3
16,Abstraction,https://en.wikipedia.org/wiki/Abstraction,39871,234,2001-12-20T23:39:28Z,41264,4
16,Rule of inference,https://en.wikipedia.org/wiki/Rule_of_inference,68011,403,2003-06-24T19:21:49Z,33034,5
16,Premise,https://en.wikipedia.org/wiki/Premise,6109,74,2006-11-18T01:03:31Z,31835,5
16,Proposition,https://en.wikipedia.org/wiki/Proposition,22083,338,2002-09-06T04:13:53Z,40347,5
17,Mojtame-ye Meskuni Aram,https://en.wikipedia.org/wiki/Mojtame-ye_Meskuni_Aram,1781,424,2013-11-10T04:15:11Z,11,
17,Esfivard-e Shurab Rural District,https://en.wikipedia.org/wiki/Esfivard-e_Shurab_Rural_District,6756,541,2013-11-08T06:25:58Z,14,
17,Central District (Sari County),https://en.wikipedia.org/wiki/Central_District_(Sari_County),9151,542,2011-10-25T18:31:45Z,32,
17,Sari County,https://en.wikipedia.org/wiki/Sari_County,19620,552,2006-10-08T12:37:27Z,107,
17,Mazandaran province,https://en.wikipedia.org/wiki/Mazandaran_province,100255,748,2003-01-30T19:38:48Z,4374,5
17,Provinces of Iran,https://en.wikipedia.org/wiki/Provinces_of_Iran,30746,533,2004-01-30T19:45:52Z,8160,
17,Iran,https://en.wikipedia.org/wiki/Iran,355626,1634,2001-10-22T21:00:00Z,249947,3
17,West Asia,https://en.wikipedia.org/wiki/West_Asia,52766,901,2003-12-13T06:38:32Z,45954,5
17,Asia,https://en.wikipedia.org/wiki/Asia,139309,1183,2001-03-23T19:07:00Z,116176,2
17,Continent,https://en.wikipedia.org/wiki/Continent,91662,597,2001-10-31T23:36:35Z,129341,3
17,Convention (norm),https://en.wikipedia.org/wiki/Convention_(norm),21803,894,2002-01-22T14:07:07Z,8104,5
17,Social norm,https://en.wikipedia.org/wiki/Social_norm,71073,936,2002-03-11T12:01:41Z,12399,4
17,Acceptance,https://en.wikipedia.org/wiki/Acceptance,11772,430,2004-05-20T12:39:27Z,7764,5
18,List of Naga politicians,https://en.wikipedia.org/wiki/List_of_Naga_politicians,13646,167,2020-05-03T13:05:16Z,164,
18,Naga people,https://en.wikipedia.org/wiki/Naga_people,31880,462,2005-03-16T16:08:27Z,10156,
18,Tibeto-Burman languages,https://en.wikipedia.org/wiki/Tibeto-Burman_languages,40725,260,2004-04-04T19:43:58Z,7776,
18,Sinitic languages,https://en.wikipedia.org/wiki/Sinitic_languages,64428,582,2005-10-15T07:34:32Z,12059,
18,Language family,https://en.wikipedia.org/wiki/Language_family,36165,504,2001-11-21T23:47:04Z,61893,4
18,Language,https://en.wikipedia.org/wiki/Language,142514,804,2001-11-05T02:54:38Z,65802,2
19,Martin O%27Brien (footballer),https://en.wikipedia.org/wiki/Martin_O%27Brien_(footballer),,0,,0,
19,Australian rules football,https://en.wikipedia.org/wiki/Australian_rules_football,113078,1095,2001-09-26T08:51:30Z,46031,4
20,Graham Hunter,https://en.wikipedia.org/wiki/Graham_Hunter,5881,31,2008-11-12T15:53:53Z,94,
20,United States,https://en.wikipedia.org/wiki/United_States,363090,2003,2001-09-06T07:00:01Z,941880,3
20,North America,https://en.wikipedia.org/wiki/North_America,176424,1168,2001-03-09T18:52:47Z,156151,2
21,List of founders of religious traditions,https://en.wikipedia.org/wiki/List_of_founders_of_religious_traditions,29656,1267,2004-11-15T14:15:53Z,3129,
21,Historical figure,https://en.wikipedia.org/wiki/Historical_figure,43888,151,2007-05-20T18:51:07Z,2490,5
21,History,https://en.wikipedia.org/wiki/History,164226,1543,2001-11-18T00:42:42Z,72906,2
21,Past,https://en.wikipedia.org/wiki/Past,10965,218,2004-06-27T19:48:06Z,3005,5
21,Spacetime,https://en.wikipedia.org/wiki/Spacetime,134929,583,2001-11-04T06:31:26Z,28384,4
22,Out of Control (TV series),https://en.wikipedia.org/wiki/Out_of_Control_(TV_series),9304,260,2004-01-02T07:35:56Z,752,
22,Sketch comedy,https://en.wikipedia.org/wiki/Sketch_comedy,9505,239,2002-05-07T09:02:18Z,13396,5
22,Scene (performing arts),https://en.wikipedia.org/wiki/Scene_(performing_arts),6775,31,2005-11-04T02:04:38Z,681,
22,Drama,https://en.wikipedia.org/wiki/Drama,54387,603,2002-02-25T15:43:11Z,17555,4
22,Mode (literature),https://en.wikipedia.org/wiki/Mode_(literature),9008,264,2007-03-30T16:41:56Z,688,
22,Literature,https://en.wikipedia.org/wiki/Literature,93515,590,2001-11-16T03:34:32Z,19194,2
22,Writing,https://en.wikipedia.org/wiki/Writing,52045,450,2001-03-23T06:51:32Z,14871,2
23,1987 Baylor Bears football team,https://en.wikipedia.org/wiki/1987_Baylor_Bears_football_team,8195,180,2009-08-05T18:15:32Z,44,
23,Baylor University,https://en.wikipedia.org/wiki/Baylor_University,82325,759,2003-09-12T01:47:58Z,16621,
24,Haunted Collector,https://en.wikipedia.org/wiki/Haunted_Collector,40022,378,2011-06-06T04:34:19Z,645,
24,Reality television,https://en.wikipedia.org/wiki/Reality_television,181584,807,2002-02-10T07:59:19Z,33341,4
24,Genre,https://en.wikipedia.org/wiki/Genre,30954,885,2002-03-17T11:25:48Z,11668,5
25,1987 in Latin music,https://en.wikipedia.org/wiki/1987_in_Latin_music,12864,199,2019-05-30T15:30:13Z,73,
25,Latin music,https://en.wikipedia.org/wiki/Latin_music,54712,651,2014-07-21T07:24:42Z,3946,
25,Music industry,https://en.wikipedia.org/wiki/Music_industry,86312,1392,2002-05-19T13:03:37Z,10466,4
25,Songwriter,https://en.wikipedia.org/wiki/Songwriter,24559,315,2002-09-28T19:30:08Z,15305,
25,Musical composition,https://en.wikipedia.org/wiki/Musical_composition,22763,604,2002-04-06T14:15:29Z,6516,5
25,Originality,https://en.wikipedia.org/wiki/Originality,21243,199,2004-11-02T21:32:46Z,2210,
25,Replica,https://en.wikipedia.org/wiki/Replica,14231,38,2005-07-15T04:36:35Z,3209,
25,Facsimile,https://en.wikipedia.org/wiki/Facsimile,5839,33,2002-02-26T00:17:47Z,5395,
25,Book,https://en.wikipedia.org/wiki/Book,73728,1060,2001-06-06T07:04:05Z,29720,3
26,Schinia suetus,https://en.wikipedia.org/wiki/Schinia_suetus,2222,27,2009-10-16T13:01:00Z,21,
26,Moth,https://en.wikipedia.org/wiki/Moth,32058,409,2002-08-01T14:06:50Z,33430,4
26,Lepidoptera,https://en.wikipedia.org/wiki/Lepidoptera,159330,878,2002-05-24T16:22:46Z,25459,4
26,Order (biology),https://en.wikipedia.org/wiki/Order_(biology),12160,110,2002-05-26T17:59:27Z,14166,5
26,Hierarchy,https://en.wikipedia.org/wiki/Hierarchy,62551,700,2001-10-29T15:51:55Z,10356,5
26,Architecture,https://en.wikipedia.org/wiki/Architecture,63192,892,2001-10-26T01:02:43Z,19115,2
26,Planning,https://en.wikipedia.org/wiki/Planning,21416,92,2003-11-24T21:53:14Z,5812,5
26,Process,https://en.wikipedia.org/wiki/Process,5747,58,2006-04-14T14:15:18Z,3796,
26,Action (philosophy),https://en.wikipedia.org/wiki/Action_(philosophy),39324,82,2003-09-13T14:57:54Z,13610,
27,1991 Boston City Council election,https://en.wikipedia.org/wiki/1991_Boston_City_Council_election,14427,956,2018-02-24T06:58:34Z,34,
27,Boston City Council,https://en.wikipedia.org/wiki/Boston_City_Council,45891,275,2006-11-14T16:33:28Z,1845,
27,Legislature,https://en.wikipedia.org/wiki/Legislature,23165,652,2002-03-14T20:13:29Z,17081,4
28,Galeorhinus cuvieri,https://en.wikipedia.org/wiki/Galeorhinus_cuvieri,5107,53,2025-01-25T16:25:06Z,92,
28,Extinction,https://en.wikipedia.org/wiki/Extinction,108022,1041,2002-04-17T11:23:05Z,31419,3
29,"Granite City, Wisconsin","https://en.wikipedia.org/wiki/Granite_City,_Wisconsin",2867,83,2012-09-17T23:24:36Z,58,
29,Ghost town,https://en.wikipedia.org/wiki/Ghost_town,62658,616,2002-03-10T05:26:47Z,26200,
29,Flood,https://en.wikipedia.org/wiki/Flood,66964,762,2002-04-26T17:24:54Z,19077,3
29,Tide,https://en.wikipedia.org/wiki/Tide,113668,1964,2001-09-25T11:05:56Z,21346,4
29,Sea level,https://en.wikipedia.org/wiki/Sea_level,21548,359,2002-07-17T14:07:50Z,8900,4
29,Mean,https://en.wikipedia.org/wiki/Mean,17633,387,2001-11-05T21:41:11Z,10582,4
30,Takeshi Iwamoto,https://en.wikipedia.org/wiki/Takeshi_Iwamoto,1633,6,2019-05-21T19:04:03Z,18,
30,Ice hockey,https://en.wikipedia.org/wiki/Ice_hockey,113278,936,2001-10-02T13:57:58Z,28386,4
30,Ice skate,https://en.wikipedia.org/wiki/Ice_skate,21297,490,2002-07-24T20:29:40Z,1714,5
30,Ice,https://en.wikipedia.org/wiki/Ice,119450,616,2001-09-03T05:37:29Z,16131,4
31,Radium and radon in the environment,https://en.wikipedia.org/wiki/Radium_and_radon_in_the_environment,20682,337,2006-05-28T07:38:37Z,630,5
31,Radium,https://en.wikipedia.org/wiki/Radium,82454,487,2001-09-15T20:48:58Z,19802,4
31,Chemical element,https://en.wikipedia.org/wiki/Chemical_element,77840,1127,2001-10-07T19:01:31Z,27368,2
32,Chedun railway station,https://en.wikipedia.org/wiki/Chedun_railway_station,2068,29,2018-01-08T21:33:37Z,27,
32,Jinshan Railway,https://en.wikipedia.org/wiki/Jinshan_Railway,13666,621,2009-10-27T12:56:47Z,137,
32,Commuter rail,https://en.wikipedia.org/wiki/Commuter_rail,66596,901,2001-09-07T10:20:05Z,10056,5
32,Passenger train,https://en.wikipedia.org/wiki/Passenger_train,24720,176,2004-07-25T05:52:31Z,3604,5
32,Train,https://en.wikipedia.org/wiki/Train,67103,289,2001-09-06T11:45:07Z,19350,3
32,Vehicle,https://en.wikipedia.org/wiki/Vehicle,66274,1254,2001-05-03T21:54:49Z,13796,4
32,Machine,https://en.wikipedia.org/wiki/Machine,58483,768,2002-05-05T19:59:51Z,21819,4
32,Power (physics),https://en.wikipedia.org/wiki/Power_(physics),15149,207,2001-09-30T18:19:15Z,22719,4
32,Energy,https://en.wikipedia.org/wiki/Energy,99314,845,2001-11-04T11:46:24Z,35076,2
32,Physical quantity,https://en.wikipedia.org/wiki/Physical_quantity,18365,99,2001-04-06T20:55:15Z,9152,5
32,Quantification (science),https://en.wikipedia.org/wiki/Quantification_(science),7080,57,2014-08-08T14:29:58Z,4849,
33,Phyllis Reynolds Naylor,https://en.wikipedia.org/wiki/Phyllis_Reynolds_Naylor,15662,56,2005-09-26T23:35:48Z,1092,
33,Young adult literature,https://en.wikipedia.org/wiki/Young_adult_literature,59927,250,2004-08-11T20:38:31Z,11794,5
33,Dysfunctional family,https://en.wikipedia.org/wiki/Dysfunctional_family,38523,292,2004-12-24T03:09:44Z,11819,
33,Family,https://en.wikipedia.org/wiki/Family,136777,692,2002-02-04T15:22:49Z,21414,2
33,Social group,https://en.wikipedia.org/wiki/Social_group,37196,245,2003-03-03T08:57:25Z,6483,4
33,Social science,https://en.wikipedia.org/wiki/Social_science,87904,657,2001-01-28T00:23:41Z,22145,3
33,Branches of science,https://en.wikipedia.org/wiki/Branches_of_science,39667,403,2007-06-27T23:44:27Z,18421,5
34,"Cebirli, Evren","https://en.wikipedia.org/wiki/Cebirli,_Evren",1029,19,2011-12-20T19:12:18Z,32,
34,"Evren, Ankara","https://en.wikipedia.org/wiki/Evren,_Ankara",4006,143,2006-02-17T12:27:20Z,221,
34,Districts of Turkey,https://en.wikipedia.org/wiki/Districts_of_Turkey,116530,1263,2006-11-13T19:11:51Z,3303,
34,Provinces of Turkey,https://en.wikipedia.org/wiki/Provinces_of_Turkey,36418,526,2004-01-12T23:48:19Z,12002,
34,Turkey,https://en.wikipedia.org/wiki/Turkey,287676,1614,2001-09-02T08:58:31Z,303609,3
34,Anatolia,https://en.wikipedia.org/wiki/Anatolia,82990,908,2001-09-16T01:20:47Z,68599,4
35,The Birthday Suit,https://en.wikipedia.org/wiki/The_Birthday_Suit,8373,55,2012-08-09T12:55:49Z,69,
35,Indie rock,https://en.wikipedia.org/wiki/Indie_rock,109484,702,2002-11-03T05:49:36Z,29117,5
35,Music genre,https://en.wikipedia.org/wiki/Music_genre,39527,532,2006-03-24T11:43:45Z,20326,4
35,Music,https://en.wikipedia.org/wiki/Music,141080,1025,2001-11-12T17:38:06Z,55213,2
35,Sound,https://en.wikipedia.org/wiki/Sound,37557,211,2001-05-10T19:52:07Z,21785,3
36,Shayne Moseley,https://en.wikipedia.org/wiki/Shayne_Moseley,5154,19,2017-10-27T07:06:13Z,79,
36,Barbados,https://en.wikipedia.org/wiki/Barbados,150065,786,2001-08-12T15:30:32Z,111446,4
37,Parvovirinae,https://en.wikipedia.org/wiki/Parvovirinae,1233,364,2015-08-13T16:13:41Z,55,
37,Virus,https://en.wikipedia.org/wiki/Virus,158435,636,2001-06-22T10:05:05Z,42432,3
37,Pathogen,https://en.wikipedia.org/wiki/Pathogen,41578,256,2012-03-11T23:34:37Z,11126,4
38,7 Naatkal,https://en.wikipedia.org/wiki/7_Naatkal,10758,36,2016-07-13T00:30:11Z,696,
38,Tamil language,https://en.wikipedia.org/wiki/Tamil_language,95445,1121,2001-03-21T00:22:39Z,93239,4
38,Dravidian languages,https://en.wikipedia.org/wiki/Dravidian_languages,108853,1050,2001-03-21T00:25:02Z,31117,4
38,Language family,https://en.wikipedia.org/wiki/Language_family,36165,504,2001-11-21T23:47:04Z,61893,4
39,Rocket Propulsion Establishment,https://en.wikipedia.org/wiki/Rocket_Propulsion_Establishment,7781,39,2006-08-23T23:03:05Z,224,
39,"Westcott, Buckinghamshire","https://en.wikipedia.org/wiki/Westcott,_Buckinghamshire",4213,285,2004-01-03T23:21:11Z,153,
39,Civil parish,https://en.wikipedia.org/wiki/Civil_parish,48226,396,2004-05-09T14:08:27Z,8163,
40,Giovanni Maria Luffoli,https://en.wikipedia.org/wiki/Giovanni_Maria_Luffoli,871,3,2015-09-02T22:25:03Z,10,
40,Baroque,https://en.wikipedia.org/wiki/Baroque,148357,1758,2001-07-26T14:58:52Z,33579,4
40,Style (visual arts),https://en.wikipedia.org/wiki/Style_(visual_arts),37942,437,2002-11-16T06:27:47Z,2029,5
40,Visual arts,https://en.wikipedia.org/wiki/Visual_arts,47521,536,2001-10-26T01:25:39Z,16706,2
40,The arts,https://en.wikipedia.org/wiki/The_arts,67234,521,2002-02-25T15:43:11Z,14905,1
40,Creativity,https://en.wikipedia.org/wiki/Creativity,175907,550,2002-11-01T09:24:24Z,13958,4
40,Idea,https://en.wikipedia.org/wiki/Idea,39164,371,2002-12-27T14:23:33Z,7404,5
41,Humorous Phases of Funny Faces,https://en.wikipedia.org/wiki/Humorous_Phases_of_Funny_Faces,3696,283,2004-10-19T01:07:19Z,1107,
41,Short film,https://en.wikipedia.org/wiki/Short_film,15649,521,2004-03-02T00:33:31Z,14366,5
41,Film,https://en.wikipedia.org/wiki/Film,85448,887,2001-01-23T21:26:54Z,55257,3
42,"Church of Our Lady, Melsele","https://en.wikipedia.org/wiki/Church_of_Our_Lady,_Melsele",5236,101,2018-06-10T09:07:32Z,29,
42,Catholic Church,https://en.wikipedia.org/wiki/Catholic_Church,256747,3000,2004-04-19T22:37:26Z,138228,3
42,List of Christian denominations by number of members,https://en.wikipedia.org/wiki/List_of_Christian_denominations_by_number_of_members,175596,868,2005-04-22T20:03:15Z,30304,
42,List of Christian denominations,https://en.wikipedia.org/wiki/List_of_Christian_denominations,157907,3000,2003-04-15T20:47:25Z,29767,
42,Christian denomination,https://en.wikipedia.org/wiki/Christian_denomination,84311,1024,2003-10-16T21:02:27Z,32909,5
42,Religion,https://en.wikipedia.org/wiki/Religion,184544,2048,2001-11-17T03:12:27Z,49514,2
42,Social system,https://en.wikipedia.org/wiki/Social_system,10458,279,2007-04-30T03:54:44Z,3291,
42,Sociology,https://en.wikipedia.org/wiki/Sociology,163993,936,2001-11-06T02:10:14Z,31698,3
43,Jean-Claude Risset,https://en.wikipedia.org/wiki/Jean-Claude_Risset,7675,81,2004-04-30T08:18:52Z,389,
43,Composer,https://en.wikipedia.org/wiki/Composer,23061,498,2003-03-19T20:15:00Z,8808,
44,"Winden, Rhein-Lahn","https://en.wikipedia.org/wiki/Winden,_Rhein-Lahn",1310,158,2007-08-30T11:39:08Z,103,
44,Municipalities of Germany,https://en.wikipedia.org/wiki/Municipalities_of_Germany,14861,275,2005-07-30T13:35:22Z,2778,
44,Municipality,https://en.wikipedia.org/wiki/Municipality,26611,559,2001-05-14T14:05:12Z,14951,5
44,Administrative division,https://en.wikipedia.org/wiki/Administrative_division,13052,485,2001-05-14T14:00:45Z,15122,5
44,Sovereign state,https://en.wikipedia.org/wiki/Sovereign_state,54809,388,2009-07-14T14:38:49Z,37989,4
45,Anprolene,https://en.wikipedia.org/wiki/Anprolene,3002,3,2007-09-22T22:00:07Z,55,
45,Ethylene oxide,https://en.wikipedia.org/wiki/Ethylene_oxide,110365,537,2003-08-27T22:47:19Z,8858,
45,Organic compound,https://en.wikipedia.org/wiki/Organic_compound,20880,372,2001-03-10T17:01:16Z,14539,4
46,Jersey Surf Drum and Bugle Corps,https://en.wikipedia.org/wiki/Jersey_Surf_Drum_and_Bugle_Corps,20463,242,2009-08-23T18:48:23Z,837,
46,Drum and bugle corps (modern),https://en.wikipedia.org/wiki/Drum_and_bugle_corps_(modern),26268,164,2002-11-02T13:38:38Z,2793,
46,Brass instrument,https://en.wikipedia.org/wiki/Brass_instrument,36440,272,2002-01-06T17:56:00Z,10498,4
46,Musical instrument,https://en.wikipedia.org/wiki/Musical_instrument,75044,708,2001-11-14T07:18:50Z,11810,3
47,Two Pesos,https://en.wikipedia.org/wiki/Two_Pesos,4464,57,2007-06-30T22:58:01Z,320,
47,Tex-Mex,https://en.wikipedia.org/wiki/Tex-Mex,19798,992,2001-10-02T19:25:59Z,11193,
47,American cuisine,https://en.wikipedia.org/wiki/American_cuisine,228483,2249,2001-10-10T15:26:27Z,17300,5
48,Godavari (2006 film),https://en.wikipedia.org/wiki/Godavari_(2006_film),18486,67,2006-07-26T21:24:40Z,9235,
48,Telugu language,https://en.wikipedia.org/wiki/Telugu_language,134226,1072,2002-02-25T15:43:11Z,65363,4
48,Dravidian languages,https://en.wikipedia.org/wiki/Dravidian_languages,108853,1050,2001-03-21T00:25:02Z,31117,4
49,NGC 4596,https://en.wikipedia.org/wiki/NGC_4596,5520,704,2018-03-18T03:11:36Z,46,
49,Lenticular galaxy,https://en.wikipedia.org/wiki/Lenticular_galaxy,29056,178,2003-09-15T16:11:59Z,4061,4
49,Galaxy morphological classification,https://en.wikipedia.org/wiki/Galaxy_morphological_classification,20205,161,2004-07-15T04:39:09Z,3163,4
49,Astronomer,https://en.wikipedia.org/wiki/Astronomer,10961,147,2001-09-16T11:06:45Z,320497,5
49,Scientist,https://en.wikipedia.org/wiki/Scientist,46633,474,2001-05-14T22:58:38Z,9559,5
49,Scientific method,https://en.wikipedia.org/wiki/Scientific_method,202834,772,2001-10-15T03:48:25Z,29741,3
49,Empirical evidence,https://en.wikipedia.org/wiki/Empirical_evidence,38891,212,2003-08-29T12:09:45Z,11430,
49,Evidence,https://en.wikipedia.org/wiki/Evidence,46713,289,2006-05-21T22:25:29Z,6873,5
50,Fausto Fawcett e os Rob%C3%B4s Ef%C3%AAmeros,https://en.wikipedia.org/wiki/Fausto_Fawcett_e_os_Rob%C3%B4s_Ef%C3%AAmeros,,0,,0,
50,Brazil,https://en.wikipedia.org/wiki/Brazil,295259,1464,2001-09-30T01:28:02Z,250020,3
50,South America,https://en.wikipedia.org/wiki/South_America,215473,1581,2001-03-07T22:04:40Z,94885,2
50,Western Hemisphere,https://en.wikipedia.org/wiki/Western_Hemisphere,18215,408,2002-08-18T21:33:51Z,14084,5
50,West,https://en.wikipedia.org/wiki/West,6856,79,2002-07-08T13:40:35Z,8624,5
50,Points of the compass,https://en.wikipedia.org/wiki/Points_of_the_compass,45114,66,2003-10-12T04:01:20Z,13829,
50,Radius,https://en.wikipedia.org/wiki/Radius,10010,52,2005-04-22T17:52:03Z,6392,5
51,"Simariya, Panna","https://en.wikipedia.org/wiki/Simariya,_Panna",3722,80,2024-01-10T09:46:01Z,54,
51,Tehsil,https://en.wikipedia.org/wiki/Tehsil,9788,312,2004-06-30T12:37:18Z,6725,
51,List of mandals of Andhra Pradesh,https://en.wikipedia.org/wiki/List_of_mandals_of_Andhra_Pradesh,26593,872,2014-08-25T10:07:27Z,2504,
51,Tehsil,https://en.wikipedia.org/wiki/Tehsil,9788,312,2004-06-30T12:37:18Z,6725,
51,List of mandals of Andhra Pradesh,https://en.wikipedia.org/wiki/List_of_mandals_of_Andhra_Pradesh,26593,872,2014-08-25T10:07:27Z,2504,
52,KStars,https://en.wikipedia.org/wiki/KStars,7216,187,2002-04-16T20:00:31Z,309,
52,Free and open-source software,https://en.wikipedia.org/wiki/Free_and_open-source_software,91468,360,2005-04-11T01:54:25Z,22786,
52,Software,https://en.wikipedia.org/wiki/Software,27525,255,2001-10-18T13:51:09Z,41260,4
52,Computer program,https://en.wikipedia.org/wiki/Computer_program,126534,416,2001-06-27T18:39:23Z,16575,4
52,Sequence,https://en.wikipedia.org/wiki/Sequence,40710,265,2001-08-31T01:02:54Z,9064,4
53,Bad Gleichenberg,https://en.wikipedia.org/wiki/Bad_Gleichenberg,3047,43,2007-12-16T18:49:13Z,129,
53,S%C3%BCdoststeiermark District,https://en.wikipedia.org/wiki/S%C3%BCdoststeiermark_District,,0,,0,
53,Districts of Austria,https://en.wikipedia.org/wiki/Districts_of_Austria,48996,494,2005-07-31T14:57:37Z,2029,
53,Executive (government),https://en.wikipedia.org/wiki/Executive_(government),7043,412,2001-12-13T22:12:20Z,13587,4
53,Separation of powers,https://en.wikipedia.org/wiki/Separation_of_powers,31275,656,2001-10-16T19:42:09Z,15298,4
54,Chokling Tersar,https://en.wikipedia.org/wiki/Chokling_Tersar,1820,142,2005-09-14T11:36:39Z,165,
54,Terma (religion),https://en.wikipedia.org/wiki/Terma_(religion),17004,683,2004-10-26T09:29:19Z,1559,5
54,Vajrayana,https://en.wikipedia.org/wiki/Vajrayana,105334,1807,2002-06-26T03:43:04Z,23900,4
54,Mah%C4%81y%C4%81na Buddhism,https://en.wikipedia.org/wiki/Mah%C4%81y%C4%81na_Buddhism,,0,,0,
54,Buddhism,https://en.wikipedia.org/wiki/Buddhism,257419,1798,2001-11-09T04:19:56Z,124954,3
54,Indian religions,https://en.wikipedia.org/wiki/Indian_religions,127701,1512,2001-08-03T03:18:19Z,15237,5
55,1923 Central Michigan Normalites football team,https://en.wikipedia.org/wiki/1923_Central_Michigan_Normalites_football_team,2865,174,2016-07-25T15:32:03Z,23,
55,Central Michigan University,https://en.wikipedia.org/wiki/Central_Michigan_University,36977,374,2004-04-20T20:54:47Z,5131,
55,Public university,https://en.wikipedia.org/wiki/Public_university,73372,550,2005-03-23T21:56:54Z,13832,
55,State ownership,https://en.wikipedia.org/wiki/State_ownership,15674,396,2004-01-03T15:13:43Z,5235,
55,Industry (economics),https://en.wikipedia.org/wiki/Industry_(economics),9078,620,2001-03-07T23:05:22Z,4472,5
55,Microeconomics,https://en.wikipedia.org/wiki/Microeconomics,51689,584,2001-09-23T07:58:18Z,9842,4
55,Economics,https://en.wikipedia.org/wiki/Economics,179900,840,2001-10-07T15:50:29Z,45589,2
55,Behavioural sciences,https://en.wikipedia.org/wiki/Behavioural_sciences,18024,165,2005-03-10T06:49:29Z,3231,5
55,Human behavior,https://en.wikipedia.org/wiki/Human_behavior,113426,742,2004-03-29T23:59:37Z,8477,3
56,Sameer Wankhede,https://en.wikipedia.org/wiki/Sameer_Wankhede,16582,28,2021-10-13T07:00:18Z,12703,
56,Indian Revenue Service,https://en.wikipedia.org/wiki/Indian_Revenue_Service,38188,478,2006-08-21T10:44:37Z,8362,
56,Civil service,https://en.wikipedia.org/wiki/Civil_service,64032,270,2002-12-22T22:07:16Z,12241,4
56,Government,https://en.wikipedia.org/wiki/Government,42816,1079,2001-10-10T20:22:29Z,30157,2
57,Clara Maass,https://en.wikipedia.org/wiki/Clara_Maass,14372,48,2005-11-15T13:22:09Z,2475,
57,Nursing,https://en.wikipedia.org/wiki/Nursing,68410,541,2001-09-20T18:57:15Z,9559,3
57,Health care,https://en.wikipedia.org/wiki/Health_care,47044,757,2003-07-06T02:21:16Z,13495,4
57,Health,https://en.wikipedia.org/wiki/Health,61767,454,2002-02-25T15:43:11Z,19806,3
57,Well-being,https://en.wikipedia.org/wiki/Well-being,136353,713,2009-04-26T22:45:03Z,7075,5
57,Intrinsic value (ethics),https://en.wikipedia.org/wiki/Intrinsic_value_(ethics),13895,366,2005-12-18T23:50:40Z,5214,
57,Ethics,https://en.wikipedia.org/wiki/Ethics,206084,943,2001-08-28T06:03:53Z,34624,2
58,Kay (title),https://en.wikipedia.org/wiki/Kay_(title),1477,11,2020-09-22T16:37:37Z,220,
58,Persian mythology,https://en.wikipedia.org/wiki/Persian_mythology,41516,743,2004-06-27T23:38:32Z,5970,4
58,Myth,https://en.wikipedia.org/wiki/Myth,78896,487,2001-12-03T20:45:15Z,16676,3
59,"Church Point, Louisiana","https://en.wikipedia.org/wiki/Church_Point,_Louisiana",18099,88,2002-10-20T22:43:13Z,732,
59,"Acadia Parish, Louisiana","https://en.wikipedia.org/wiki/Acadia_Parish,_Louisiana",27977,366,2002-10-01T20:36:38Z,2290,
59,List of parishes in Louisiana,https://en.wikipedia.org/wiki/List_of_parishes_in_Louisiana,35791,483,2002-09-08T03:10:18Z,12155,
59,U.S. state,https://en.wikipedia.org/wiki/U.S._state,83339,948,2001-10-11T22:01:32Z,179167,5
60,Hindustan Ambassador,https://en.wikipedia.org/wiki/Hindustan_Ambassador,31880,131,2004-08-06T13:34:05Z,19467,
60,India,https://en.wikipedia.org/wiki/India,254616,1584,2001-10-26T17:25:25Z,587523,3
60,South Asia,https://en.wikipedia.org/wiki/South_Asia,239311,1368,2001-03-23T19:06:26Z,69971,4
60,Subregion,https://en.wikipedia.org/wiki/Subregion,35686,852,2004-06-12T16:20:13Z,7923,
61,Amy Namowitz Worthen,https://en.wikipedia.org/wiki/Amy_Namowitz_Worthen,7921,24,2021-04-23T04:30:48Z,72
61,Engraving,https://en.wikipedia.org/wiki/Engraving,34346,308,2002-07-02T18:45:06Z,4856
61,Burin (engraving),https://en.wikipedia.org/wiki/Burin_(engraving),3239,16,2017-02-02T08:54:46Z,1550
61,Steel,https://en.wikipedia.org/wiki/Steel,76727,515,2001-09-10T22:36:54Z,39798
61,Alloy,https://en.wikipedia.org/wiki/Alloy,40413,263,2001-07-27T14:39:01Z,12976
61,Mixture,https://en.wikipedia.org/wiki/Mixture,17642,159,2003-08-01T18:47:49Z,5565
61,Chemistry,https://en.wikipedia.org/wiki/Chemistry,85771,611,2001-10-25T21:07:47Z,30877
